Size,Normal,Optimized,Parallel
1000,0.00480289,0.0048859,2.15523
2500,0.0306217,0.0317271,1.41934
5000,0.119741,0.122008,0.0209971
7500,0.270923,0.268411,6.38573
10000,0.491022,0.506739,0.0774274
12500,0.74286,0.757081,0.110305
15000,1.05899,1.09669,0.172513
